Date,HashRate,ActiveAddresses,TxVolumeUSD
2016-01-01,,263121.0,
2016-01-03,769424.042921966,,67646928.6220128
2016-01-05,,359763.0,
2016-01-07,743604.444166195,,162207621.394275
2016-01-09,,390146.0,
2016-01-11,877866.357696202,,126604160.405308
2016-01-13,,339655.0,
2016-01-15,693089.355237507,,152176114.997456
2016-01-17,,462215.0,
2016-01-19,839596.048214541,,95862424.5752563
2016-01-21,,415801.0,
2016-01-23,1008642.23241881,,94915865.6278715
2016-01-25,,420289.0,
2016-01-27,918901.018160999,,176503627.972843
2016-01-29,,410455.0,
2016-01-31,1068073.26136895,,103665933.111343
2016-02-02,,488072.0,
2016-02-04,1103874.59973886,,145850811.16086
2016-02-06,,419675.0,
2016-02-08,1153414.86436954,,106671049.115269
2016-02-10,,417816.0,
2016-02-12,1139086.72940843,,124601290.486344
2016-02-14,,421715.0,
2016-02-16,1067446.05460287,,172725407.571374
2016-02-18,,415599.0,
2016-02-20,1284099.85113956,,164829105.586379
2016-02-22,,465054.0,
2016-02-24,999647.352469403,,166459833.649415
2016-02-26,,391078.0,
2016-02-28,1210954.92291009,,194346790.470141
2016-03-01,,483492.0,
2016-03-03,1080919.49494659,,227124993.38604
2016-03-05,,411654.0,
2016-03-07,1220696.14747152,,145282392.78699
2016-03-09,,337006.0,
2016-03-11,1283699.81959909,,142675662.970307
2016-03-13,,351625.0,
2016-03-15,1197069.77042369,,131369366.52006
2016-03-17,,397923.0,
2016-03-19,1110630.46003795,,86792272.3163921
2016-03-21,,355209.0,
2016-03-23,1242260.73678319,,126621935.841238
2016-03-25,,332910.0,
2016-03-27,1258714.52137634,,125905670.204794
2016-03-29,,384087.0,
2016-03-31,1028361.53707217,,140898124.328616
2016-04-02,,349858.0,
2016-04-04,1360254.32899737,,135840299.31944
2016-04-06,,400648.0,
2016-04-08,1169486.9535892,,138824288.075815
2016-04-10,,369611.0,
2016-04-12,1260723.52443658,,156860496.804597
2016-04-14,,386126.0,
2016-04-16,1270146.99973955,,86724178.155167
2016-04-18,,391408.0,
2016-04-20,1465554.23046307,,137347264.702688
2016-04-22,,360541.0,
2016-04-24,1172443.38437046,,103550332.548332
2016-04-26,,438403.0,
2016-04-28,1207843.18309188,,164047131.988227
2016-04-30,,370399.0,
2016-05-02,1394348.38048107,,131609777.35059
2016-05-04,,393861.0,
2016-05-06,1438754.37985945,,150035773.319432
2016-05-08,,363477.0,
2016-05-10,1403229.58035675,,145647671.147706
2016-05-12,,373340.0,
2016-05-14,1390530.16700974,,104469849.91189
2016-05-16,,428469.0,
2016-05-18,1487094.76194097,,159373784.448942
2016-05-20,,352825.0,
2016-05-22,1776788.54673466,,85673343.7736499
2016-05-24,,407284.0,
2016-05-26,1357376.35658448,,164885025.891541
2016-05-28,,378992.0,
2016-05-30,1436639.20952372,,241119804.228294
2016-06-01,,411100.0,
2016-06-03,1406915.6396715,,160601009.468127
2016-06-05,,370336.0,
2016-06-07,1406915.6396715,,195330529.724622
2016-06-09,,433264.0,
2016-06-11,1520417.53468438,,162244835.709132
2016-06-13,,450475.0,
2016-06-15,1500925.00218843,,222394465.105347
2016-06-17,,456749.0,
2016-06-19,1725089.1258919,,154508934.862762
2016-06-21,,466563.0,
2016-06-23,1457676.2183949,,284618179.196952
2016-06-25,,410558.0,
2016-06-27,1530560.02931465,,199055373.651594
2016-06-29,,370956.0,
2016-07-01,1634679.7592,,194741108.922565
2016-07-03,,349825.0,
2016-07-05,1538177.1269472,,205876443.302665
2016-07-07,,364951.0,
2016-07-09,1580609.5994147,,142818088.57251
2016-07-11,,392909.0,
2016-07-13,1379055.35519404,,188298120.080821
2016-07-15,,367025.0,
2016-07-17,1580609.5994147,,160525091.73713
2016-07-19,,372107.0,
2016-07-21,1411498.38259309,,139720440.859401
2016-07-23,,338444.0,
2016-07-25,1400885.61279915,,137031791.592569
2016-07-27,,373465.0,
2016-07-29,1560077.15970815,,155222292.486318
2016-07-31,,344641.0,
2016-08-02,1555605.72192362,,310244260.752019
2016-08-04,,384713.0,
2016-08-06,1676039.71329835,,113350615.841685
2016-08-08,,412180.0,
2016-08-10,1525497.22407993,,174758412.072643
2016-08-12,,389404.0,
2016-08-14,1645931.21545466,,117723115.107671
2016-08-16,,423764.0,
2016-08-18,1664092.25424309,,144427244.614815
2016-08-20,,399739.0,
2016-08-22,1718121.2235367,,144303111.47118
2016-08-24,,408587.0,
2016-08-26,1426364.78935122,,126548713.755308
2016-08-28,,331778.0,
2016-08-30,1810682.89469399,,153671377.365597
2016-09-01,,385974.0,
2016-09-03,1382703.30140268,,102592239.860787
2016-09-05,,422188.0,
2016-09-07,1668023.03026355,,141851022.647114
2016-09-09,,380834.0,
2016-09-11,1799709.05896857,,105076958.787512
2016-09-13,,410171.0,
2016-09-15,1728836.79695677,,122887826.653529
2016-09-17,,394081.0,
2016-09-19,1493086.32464449,,134357326.466812
2016-09-21,,408745.0,
2016-09-23,1526764.96354624,,146146259.916553
2016-09-25,,377263.0,
2016-09-27,2026558.28894994,,145940667.050968
2016-09-29,,438502.0,
2016-10-01,1882660.65896533,,103988578.282907
2016-10-03,,494066.0,
2016-10-05,2002575.35061917,,148295757.862839
2016-10-07,,470157.0,
2016-10-09,2056197.68456892,,119547253.301373
2016-10-11,,456719.0,
2016-10-13,1644958.14765514,,173562327.839718
2016-10-15,,390688.0,
2016-10-17,1606404.44106947,,162092886.470044
2016-10-19,,340010.0,
2016-10-21,2107602.62668314,,156669875.507655
2016-10-23,,370500.0,
2016-10-25,1752432.967869,,177371950.411646
2016-10-27,,544308.0,
2016-10-29,1878507.28210418,,166370935.98013
2016-10-31,,456149.0,
2016-11-02,1676788.3793279,,164356161.509587
2016-11-04,,429052.0,
2016-11-06,1949214.67726041,,114742910.971948
2016-11-08,,515899.0,
2016-11-10,2126416.01155681,,187826423.936318
2016-11-12,,441806.0,
2016-11-14,2177044.96421293,,167411486.834791
2016-11-16,,481300.0,
2016-11-18,2073243.13718006,,195698807.196307
2016-11-20,,452258.0,
2016-11-22,1877125.54312249,,221241977.735407
2016-11-24,,555782.0,
2016-11-26,2157293.53463331,,182382884.916916
2016-11-28,,531725.0,
2016-11-30,1989192.73972682,,206457187.757014
2016-12-02,,579169.0,
2016-12-04,2109770.13119712,,100381256.301266
2016-12-06,,569492.0,
2016-12-08,2238066.96349964,,233884533.88058
2016-12-10,,456468.0,
2016-12-12,2223811.75991047,,212868618.324386
2016-12-14,,495462.0,
2016-12-16,2050571.62855749,,239348887.735369
2016-12-18,,418499.0,
2016-12-20,2127660.78752582,,243951480.369348
2016-12-22,,528879.0,
2016-12-24,2112242.95573216,,202692630.219886
2016-12-26,,448558.0,
2016-12-28,2589949.6705277,,329559351.888611
2016-12-30,,496025.0,
2017-01-01,2463610.66220928,,166788994.438506
2017-01-03,,515024.0,
2017-01-05,2210932.64557243,,565779976.610049
2017-01-07,,503341.0,
2017-01-09,2147763.14141322,,272509052.560264
2017-01-11,,491693.0,
2017-01-13,2528855.36111398,,246890176.531767
2017-01-15,,417279.0,
2017-01-17,2646087.06659608,,291783384.764451
2017-01-19,,516339.0,
2017-01-21,3031276.95603728,,210309696.023502
2017-01-23,,425650.0,
2017-01-25,2930146.45884887,,266770577.731972
2017-01-27,,462951.0,
2017-01-29,3262229.72418507,,133740567.748452
2017-01-31,,523037.0,
2017-02-02,3066886.62692848,,212437107.387626
2017-02-04,,500098.0,
2017-02-06,2623276.58868094,,218963129.707101
2017-02-08,,516491.0,
2017-02-10,3105959.48099823,,289197728.970044
2017-02-12,,422085.0,
2017-02-14,3546669.94789663,,234339661.006721
2017-02-16,,489190.0,
2017-02-18,3330515.74407375,,179904049.623422
2017-02-20,,503953.0,
2017-02-22,3045669.00280428,,220185412.839073
2017-02-24,,590852.0,
2017-02-26,3900209.22661268,,199581169.873158
2017-02-28,,542157.0,
2017-03-02,3440072.18302354,,431801396.598851
2017-03-04,,489858.0,
2017-03-06,3252505.60193699,,292613411.670063
2017-03-08,,526233.0,
2017-03-10,3573175.16832514,,329245440.202684
2017-03-12,,422479.0,
2017-03-14,3573175.16832514,,347466704.53874
2017-03-16,,594406.0,
2017-03-18,3712647.13922469,,393335618.185788
2017-03-20,,512638.0,
2017-03-22,3807236.87525589,,388745237.566684
2017-03-24,,540390.0,
2017-03-26,3925474.04529489,,234975161.590919
2017-03-28,,553957.0,
2017-03-30,4073274.03319987,,345704441.184584
2017-04-01,,502791.0,
2017-04-03,4371318.47465352,,357722808.461735
2017-04-05,,577217.0,
2017-04-07,4023599.95962426,,411459319.524365
2017-04-09,,489533.0,
2017-04-11,4147785.14356328,,353047267.58305
2017-04-13,,449522.0,
2017-04-15,3909321.04724491,,274787437.027829
2017-04-17,,469210.0,
2017-04-19,3702204.70037101,,305279308.340359
2017-04-21,,612636.0,
2017-04-23,3961100.13396339,,211860005.848388
2017-04-25,,580199.0,
2017-04-27,3814281.63369607,,398959237.374387
2017-04-29,,634026.0,
2017-05-01,3892124.1160164,,446976193.582856
2017-05-03,,547222.0,
2017-05-05,3347226.73977411,,590516942.167419
2017-05-07,,581370.0,
2017-05-09,4021861.58655028,,759833620.667136
2017-05-11,,568522.0,
2017-05-13,4398136.0431084,,426951909.091612
2017-05-15,,636240.0,
2017-05-17,4314627.13089748,,944733565.5861
2017-05-19,,633618.0,
2017-05-21,4091936.69833503,,543457757.444168
2017-05-23,,687291.0,
2017-05-25,4828620.58576969,,1318459470.59989
2017-05-27,,651462.0,
2017-05-29,4473139.31565167,,568563505.464611
2017-05-31,,614127.0,
2017-06-02,4325022.11976917,,722150565.070563
2017-06-04,,537388.0,
2017-06-06,5094943.56098801,,888558904.123181
2017-06-08,,609713.0,
2017-06-10,4757530.08012788,,681180409.132709
2017-06-12,,538625.0,
2017-06-14,4723788.73204186,,822548360.611942
2017-06-16,,536166.0,
2017-06-18,5129905.64429561,,531175986.631959
2017-06-20,,591484.0,
2017-06-22,4917633.68660062,,691666616.597193
2017-06-24,,469728.0,
2017-06-26,5023769.66544811,,702272424.580716
2017-06-28,,549137.0,
2017-06-30,5448313.58083809,,771010449.218829
2017-07-02,,409306.0,
2017-07-04,5389830.93070805,,567987081.544197
2017-07-06,,459295.0,
2017-07-08,5812562.76841065,,561328143.364668
2017-07-10,,567053.0,
2017-07-12,6235294.60611324,,557154714.150382
2017-07-14,,473083.0,
2017-07-16,6518885.7883663,,461680301.680574
2017-07-18,,561056.0,
2017-07-20,6478892.62402049,,654227781.226007
2017-07-22,,433136.0,
2017-07-24,7118783.25355338,,568575160.453683
2017-07-26,,460147.0,
2017-07-28,6414280.01814729,,1311599707.74372
2017-07-30,,386559.0,
2017-08-01,6371518.15135964,,1380839765.70984
2017-08-03,,427729.0,
2017-08-05,7568850.42141381,,979154079.251385
2017-08-07,,512718.0,
2017-08-09,6333394.73736857,,808740219.23306
2017-08-11,,580988.0,
2017-08-13,6792336.38500398,,946915671.514233
2017-08-15,,650900.0,
2017-08-17,8215055.49267373,,1362840510.69978
2017-08-19,,535351.0,
2017-08-21,5277828.94780714,,816604742.108505
2017-08-23,,628517.0,
2017-08-25,4459277.5076504,,763980859.57522
2017-08-27,,509083.0,
2017-08-29,6578538.10534563,,1113343542.50353
2017-08-31,,589298.0,
2017-09-02,7240807.04212539,,945272819.329301
2017-09-04,,561329.0,
2017-09-06,7430760.7659943,,1328829016.12437
2017-09-08,,606486.0,
2017-09-10,6329907.31918033,,849737599.424126
2017-09-12,,549110.0,
2017-09-14,7981187.48940129,,1008072397.20311
2017-09-16,,486763.0,
2017-09-18,6965995.45167762,,810015857.700415
2017-09-20,,480583.0,
2017-09-22,7624199.74632432,,720084890.797891
2017-09-24,,383449.0,
2017-09-26,7569349.3884371,,783377529.605634
2017-09-28,,561793.0,
2017-09-30,7569349.3884371,,654917752.443883
2017-10-02,,606138.0,
2017-10-04,7486251.28872091,,611184779.702613
2017-10-06,,609683.0,
2017-10-08,10167893.5413971,,678141979.346104
2017-10-10,,613364.0,
2017-10-12,8547734.68040521,,1072717734.6568
2017-10-14,,594482.0,
2017-10-16,10351762.4275025,,1148993979.04203
2017-10-18,,646494.0,
2017-10-20,10649226.8650745,,1094088679.1563
2017-10-22,,573815.0,
2017-10-24,9935312.21490186,,2184205097.23059
2017-10-26,,555570.0,
2017-10-28,6138789.85774571,,645357529.902608
2017-10-30,,672661.0,
2017-11-01,7872095.2293445,,1921728654.83974
2017-11-03,,670963.0,
2017-11-05,10183169.0581429,,1346375105.55772
2017-11-07,,714417.0,
2017-11-09,11049821.7439423,,2366841243.84241
2017-11-11,,459977.0,
2017-11-13,9495610.53578818,,2070829566.4518
2017-11-15,,709294.0,
2017-11-17,11326906.8534045,,2848162964.48163
2017-11-19,,603430.0,
2017-11-21,11733861.5906525,,2632881286.5975
2017-11-23,,747162.0,
2017-11-25,10445729.4715075,,2302620556.51406
2017-11-27,,829651.0,
2017-11-29,11584046.1446846,,4301831779.47883
2017-12-01,,869275.0,
2017-12-03,11784925.5575982,,2065023836.1632
2017-12-05,,891236.0,
2017-12-07,11941671.1962486,,5271885974.64757
2017-12-09,,877575.0,
2017-12-11,13523349.5003875,,4272284928.33151
2017-12-13,,958477.0,
2017-12-15,13365181.6699736,,4219284344.1263
2017-12-17,,877465.0,
2017-12-19,13035760.950516,,3906879033.08123
2017-12-21,,840740.0,
2017-12-23,12942648.372298,,2381107619.03715
2017-12-25,,565075.0,
2017-12-27,14525562.2020035,,4777859401.98801
2017-12-29,,838926.0,
2017-12-31,15177350.2495293,,3132315786.3277
2018-01-02,,850802.0,
2018-01-04,16127548.7258182,,3959988059.41157
2018-01-06,,889099.0,
2018-01-08,15935554.0981299,,4095843401.55246
2018-01-10,,876990.0,
2018-01-12,17087521.8642597,,3201370800.58497
2018-01-14,,592042.0,
2018-01-16,17608758.1817911,,3280040384.20681
2018-01-18,,744190.0,
2018-01-20,19712949.4110618,,2591920373.50638
2018-01-22,,574421.0,
2018-01-24,19491455.5974543,,2043489449.82019
2018-01-26,,514622.0,
2018-01-28,20445148.5647756,,1946407701.49201
2018-01-30,,531441.0,
2018-02-01,20703947.9136968,,2614260637.5456
2018-02-03,,436197.0,
2018-02-05,23938939.775212,,1950770956.61802
2018-02-07,,489403.0,
2018-02-09,19291612.224166,,1627521235.26492
2018-02-11,,368625.0,
2018-02-13,23435736.3315795,,1266134857.40392
2018-02-15,,475030.0,
2018-02-17,21292223.8622277,,862408575.113852
2018-02-19,,436342.0,
2018-02-21,25265138.8267172,,1582027830.28817
2018-02-23,,424503.0,
2018-02-25,25564134.5524772,,735383768.774946
2018-02-27,,494788.0,
2018-03-01,24667147.3751973,,2017041859.63693
2018-03-03,,416967.0,
2018-03-05,24372959.7309369,,1573034810.84033
2018-03-07,,474917.0,
2018-03-09,23882228.9980992,,1845969389.06628
2018-03-11,,349041.0,
2018-03-13,25845151.9294498,,1429321787.63685
2018-03-15,,459150.0,
2018-03-17,24372959.7309369,,709540062.340732
2018-03-19,,421648.0,
2018-03-21,26162835.2122593,,1045367812.30046
2018-03-23,,430897.0,
2018-03-25,23236728.6424672,,901137748.465333
2018-03-27,,414091.0,
2018-03-29,26162835.2122593,,1120831366.94695
2018-03-31,,332753.0,
2018-04-02,27227579.6162083,,768333587.034114
2018-04-04,,432978.0,
2018-04-06,24085935.8143381,,720018556.313689
2018-04-08,,311300.0,
2018-04-10,28623865.7503728,,812498863.15906
2018-04-12,,442158.0,
2018-04-14,26146926.5194725,,516931824.839407
2018-04-16,,433712.0,
2018-04-18,30536556.519092,,826568991.032139
2018-04-20,,509923.0,
2018-04-22,30536556.519092,,674296002.598428
2018-04-24,,548252.0,
2018-04-26,26910340.4324498,,1356669104.25048
2018-04-28,,429929.0,
2018-04-30,30990335.3016848,,1039280676.98002
2018-05-02,,468951.0,
2018-05-04,27591395.3008549,,1424167444.69354
2018-05-06,,386315.0,
2018-05-08,27791332.9479625,,1305599529.85642
2018-05-10,,465046.0,
2018-05-12,33988897.1882526,,914542131.232237
2018-05-14,,469798.0,
2018-05-16,36872803.6163467,,1354020052.00064
2018-05-18,,499648.0,
2018-05-20,29663037.5461113,,505408446.545892
2018-05-22,,441616.0,
2018-05-24,30616246.3183454,,997838496.239073
2018-05-26,,356716.0,
2018-05-28,33399541.438195,,1030143175.61157
2018-05-30,,443065.0,
2018-06-01,35540537.6842331,,860640929.266263
2018-06-03,,369975.0,
2018-06-05,42980660.1034435,,753456738.768419
2018-06-07,,433804.0,
2018-06-09,35121339.3988139,,512776472.436823
2018-06-11,,446188.0,
2018-06-13,35121339.3988139,,1043117695.00437
2018-06-15,,476263.0,
2018-06-17,38559792.2070893,,432811187.163212
2018-06-19,,413610.0,
2018-06-21,42908653.8315633,,719955333.674926
2018-06-23,,368137.0,
2018-06-25,39627403.832679,,683034898.67434
2018-06-27,,397242.0,
2018-06-29,38112980.7562709,,653028973.089305
2018-07-01,,341862.0,
2018-07-03,30929068.6931155,,880290625.530195
2018-07-05,,413998.0,
2018-07-07,41594264.7941898,,370270464.469499
2018-07-09,,425385.0,
2018-07-11,35995036.8411258,,705107105.975675
2018-07-13,,473175.0,
2018-07-15,35461777.0360721,,356017920.508622
2018-07-17,,487160.0,
2018-07-19,44021066.1135111,,993456134.043958
2018-07-21,,385950.0,
2018-07-23,42733900.4376774,,936055626.253313
2018-07-25,,525952.0,
2018-07-27,42991333.5728441,,884506563.824998
2018-07-29,,380501.0,
2018-07-31,43474975.9754299,,916151854.706209
2018-08-02,,470017.0,
2018-08-04,52051671.9161698,,478730381.400988
2018-08-06,,452410.0,
2018-08-08,46432457.3343105,,786985499.891174
2018-08-10,,510030.0,
2018-08-12,49230273.0794216,,333729799.273728
2018-08-14,,514445.0,
2018-08-16,50183117.0745072,,687000468.616544
2018-08-18,,399289.0,
2018-08-20,47642199.754279,,647035144.277823
2018-08-22,,484463.0,
2018-08-24,47211617.4407006,,660537345.458553
2018-08-26,,368938.0,
2018-08-28,51165065.369764,,977831328.38873
2018-08-30,,463657.0,
2018-09-01,50496240.9858456,,530711688.309403
2018-09-03,,455957.0,
2018-09-05,44142409.33862,,945103849.443573
2018-09-07,,539383.0,
2018-09-09,56874984.6776413,,468243443.824087
2018-09-11,,474061.0,
2018-09-13,51641090.3821529,,1248849239.09691
2018-09-15,,427958.0,
2018-09-17,47105048.6593962,,572850819.087677
2018-09-19,,480228.0,
2018-09-21,51200543.8778585,,984934175.352113
2018-09-23,,401264.0,
2018-09-25,60089527.1899868,,852085846.884051
2018-09-27,,481908.0,
2018-09-29,54045018.5377396,,463385867.587157
2018-10-01,,484983.0,
2018-10-03,51556103.2103437,,739357175.753423
2018-10-05,,533087.0,
2018-10-07,52623567.2251537,,250377608.065456
2018-10-09,,463257.0,
2018-10-11,58923571.7521087,,887230191.302002
2018-10-13,,400481.0,
2018-10-15,60035337.2568655,,1406050478.15614
2018-10-17,,490531.0,
2018-10-19,50702736.5834647,,835097399.748975
2018-10-21,,403199.0,
2018-10-23,54987474.8862927,,726527353.625848
2018-10-25,,474715.0,
2018-10-27,48560367.4320507,,380002708.052395
2018-10-29,,495174.0,
2018-10-31,58201028.6134137,,803653185.537381
2018-11-02,,565269.0,
2018-11-04,44285199.6469399,,525975032.809028
2018-11-06,,519342.0,
2018-11-08,43213783.5264494,,773348007.473165
2018-11-10,,448643.0,
2018-11-12,49999418.9562224,,752483811.281994
2018-11-14,,524970.0,
2018-11-16,44946674.6331138,,1082196428.0914
2018-11-18,,393876.0,
2018-11-20,43657349.0874779,,1475820951.9215
2018-11-22,,467175.0,
2018-11-24,47295461.5114344,,398983130.753916
2018-11-26,,469613.0,
2018-11-28,39027024.1842606,,807058144.18961
2018-11-30,,460123.0,
2018-12-02,37704074.2119128,,348205860.313343
2018-12-04,,492965.0,
2018-12-06,37892374.8161739,,1426379105.59656
2018-12-08,,382550.0,
2018-12-10,34804847.9793004,,526990901.514102
2018-12-12,,439270.0,
2018-12-14,40979901.6530473,,523412561.153412
2018-12-16,,364388.0,
2018-12-18,35766529.4260719,,717156551.783183
2018-12-20,,475406.0,
2018-12-22,44422290.5748598,,303876048.573279
2018-12-24,,419725.0,
2018-12-26,39853140.68716,,422281688.50925
2018-12-28,,485694.0,
2018-12-30,44676132.2352876,,267240600.175454
2019-01-01,,310120.0,
2019-01-03,43291796.7608921,,586335098.627541
2019-01-05,,385489.0,
2019-01-07,39381569.9566825,,622810992.785056
2019-01-09,,463346.0,
2019-01-11,41336683.3587873,,1080849631.24838
2019-01-13,,372207.0,
2019-01-15,38609293.9848521,,1270645847.43182
2019-01-17,,462879.0,
2019-01-19,38901788.6362525,,310087042.05763
2019-01-21,,449404.0,
2019-01-23,42704219.1044576,,538919234.425191
2019-01-25,,492261.0,
2019-01-27,40071767.241854,,223512708.830142
2019-01-29,,480702.0,
2019-01-31,44802503.958942,,574609830.720808
2019-02-02,,418174.0,
2019-02-04,42490116.6578353,,353232913.224304
2019-02-06,,482655.0,
2019-02-08,47114891.2600487,,552614639.038452
2019-02-10,,380922.0,
2019-02-12,38568926.138295,,494313528.417058
2019-02-14,,473265.0,
2019-02-16,45197960.3183144,,363956258.170098
2019-02-18,,508261.0,
2019-02-20,39171565.6092058,,696700438.735942
2019-02-22,,542172.0,
2019-02-24,41298258.2978092,,436413535.328223
2019-02-26,,532149.0,
2019-02-28,45274965.6436762,,936111689.337251
2019-03-02,,481021.0,
2019-03-04,41351135.2878909,,510664925.146437
2019-03-06,,524992.0,
2019-03-08,44067633.2265115,,621749744.798023
2019-03-10,,392557.0,
2019-03-12,43141131.5892332,,634318677.206897
2019-03-14,,551001.0,
2019-03-16,49174856.287028,,360840832.093826
2019-03-18,,533680.0,
2019-03-20,48571483.8172485,,649248713.708245
2019-03-22,,550986.0,
2019-03-24,47490106.9905989,,288672589.988115
2019-03-26,,522961.0,
2019-03-28,46298790.8217788,,625086884.886481
2019-03-30,,513840.0,
2019-04-01,43127640.7654926,,640470349.712981
2019-04-03,,626468.0,
2019-04-05,50104170.8893222,,898533778.471696
2019-04-07,,447559.0,
2019-04-09,41949459.1204562,,877070582.095037
2019-04-11,,620631.0,
2019-04-13,42902855.9186484,,423377389.265318
2019-04-15,,576183.0,
2019-04-17,43856252.7168405,,896458088.041183
2019-04-19,,597098.0,
2019-04-21,51199133.0238072,,360713964.469088
2019-04-23,,548492.0,
2019-04-25,45160953.3019234,,826381786.755593
2019-04-27,,460846.0,
2019-04-29,51477170.5469476,,886065657.844522
2019-05-01,,565408.0,
2019-05-03,48003251.0621843,,858064130.790705
2019-05-05,,460613.0,
2019-05-07,42312167.3509307,,1041193668.85865
2019-05-09,,619054.0,
2019-05-11,43311667.3670944,,890773875.557915
2019-05-13,,648734.0,
2019-05-15,49641834.1361313,,1595050697.09695
2019-05-17,,676115.0,
2019-05-19,54326123.0260958,,776463133.467301
2019-05-21,,657474.0,
2019-05-23,52659677.5344978,,1180520164.76067
2019-05-25,,511153.0,
2019-05-27,55659279.4193742,,1318870008.46283
2019-05-29,,680323.0,
2019-05-31,43386260.5763838,,2139391264.47921
2019-06-02,,489569.0,
2019-06-04,57106701.9552403,,2210912218.37581
2019-06-06,,602273.0,
2019-06-08,45982019.7561675,,537539563.516134
2019-06-10,,607094.0,
2019-06-12,48577778.9359511,,1164520570.45808
2019-06-14,,731367.0,
2019-06-16,47882020.4805591,,1037160332.21346
2019-06-18,,696937.0,
2019-06-20,53038545.7630809,,1190905553.64237
2019-06-22,,643642.0,
2019-06-24,65193212.5004535,,1758426569.15256
2019-06-26,,768792.0,
2019-06-28,64293187.5738079,,2653064698.96847
2019-06-30,,497075.0,
2019-07-02,62321003.9058997,,1813299811.70937
2019-07-04,,603018.0,
2019-07-06,70209738.5775326,,639979717.955877
2019-07-08,,622449.0,
2019-07-10,58125055.9333793,,3158872124.78143
2019-07-12,,637928.0,
2019-07-14,65334365.1964341,,880311916.429513
2019-07-16,,595749.0,
2019-07-18,54520401.3018519,,1363791605.47841
2019-07-20,,488968.0,
2019-07-22,71191928.9726661,,1027285548.46237
2019-07-24,,490408.0,
2019-07-26,74380911.3910783,,993970297.737923
2019-07-28,,391947.0,
2019-07-30,63627044.6839344,,1280347893.44335
2019-08-01,,558918.0,
2019-08-03,77517455.8473286,,533502020.952203
2019-08-05,,583599.0,
2019-08-07,75945274.2994312,,1528500615.47788
2019-08-09,,562840.0,
2019-08-11,75945274.2994312,,577446710.735718
2019-08-13,,566410.0,
2019-08-15,77930771.6667366,,1574111185.79898
2019-08-17,,441149.0,
2019-08-19,82514504.7903757,,1023246904.67013
2019-08-21,,599152.0,
2019-08-23,77452265.232684,,2130991479.93793
2019-08-25,,393555.0,
2019-08-27,68340234.0288388,,1295831266.79679
2019-08-29,,545362.0,
2019-08-31,84033176.6576833,,536730722.744341
2019-09-02,,529944.0,
2019-09-04,72825124.7697365,,1356552610.12157
2019-09-06,,601748.0,
2019-09-08,94779757.9723776,,734442315.886497
2019-09-10,,564563.0,
2019-09-12,84605659.6589586,,1811962087.02676
2019-09-14,,491282.0,
2019-09-16,96346803.0777296,,1523428331.69289
2019-09-18,,578686.0,
2019-09-20,89253786.9002281,,1752366741.2845
2019-09-22,,456990.0,
2019-09-24,92800294.9889788,,3139283339.2161
2019-09-26,,554702.0,
2019-09-28,100852756.01995,,580178846.7763
2019-09-30,,540376.0,
2019-10-02,93875521.3267456,,753518693.099858
2019-10-04,,545609.0,
2019-10-06,94509815.3897642,,437929223.289477
2019-10-08,,534935.0,
2019-10-10,103681264.292523,,1061857762.2837
2019-10-12,,452069.0,
2019-10-14,87295825.4578357,,1712938625.03762
2019-10-16,,545056.0,
2019-10-18,103461719.061139,,1046146449.48076
2019-10-20,,437713.0,
2019-10-22,109281440.758328,,996706690.858345
2019-10-24,,515253.0,
2019-10-26,95285003.0093039,,1256366630.61245
2019-10-28,,540579.0,
2019-10-30,91201360.0231908,,933497841.255334
2019-11-01,,563151.0,
2019-11-03,93923788.6805996,,791930340.104973
2019-11-05,,576664.0,
2019-11-07,91737090.3690835,,1410260957.176
2019-11-09,,519291.0,
2019-11-11,95479548.6213797,,718863061.19166
2019-11-13,,555616.0,
2019-11-15,99905752.8621059,,1199132985.11859
2019-11-17,,430853.0,
2019-11-19,92950289.0552504,,923399726.065324
2019-11-21,,584765.0,
2019-11-23,111568229.030169,,1151153475.67428
2019-11-25,,495578.0,
2019-11-27,89641525.0589222,,1513433741.15035
2019-11-29,,543960.0,
2019-12-01,89641525.0589222,,410180206.361161
2019-12-03,,565368.0,
2019-12-05,93386357.4980277,,829793365.229581
2019-12-07,,465570.0,
2019-12-09,94736471.2539258,,984541456.77168
2019-12-11,,521113.0,
2019-12-13,97296916.4229509,,910737705.988904
2019-12-15,,434034.0,
2019-12-17,90255692.208132,,1699726138.74945
2019-12-19,,539310.0,
2019-12-21,113287340.369223,,484021776.662792
2019-12-24,,493086.0,
2019-12-25,82390792.9957983,,863528900.789981
2019-12-28,,490465.0,
2019-12-29,99770100.8933494,,381265550.855148
2020-01-01,,389706.0,
2020-01-02,96717718.3123778,,692062815.85965
2020-01-05,,459065.0,
2020-01-06,92602070.7246171,,962060777.656326
2020-01-09,,553318.0,
2020-01-10,102205248.429392,,1280612805.31253
2020-01-13,,501600.0,
2020-01-14,99607271.2200415,,2900956206.90936
2020-01-17,,562153.0,
2020-01-18,96958912.29362,,691951125.418206
2020-01-21,,544525.0,
2020-01-22,114587805.437915,,1252987750.19963
2020-01-25,,461312.0,
2020-01-26,105038821.651422,,375372746.97924
2020-01-29,,573372.0,
2020-01-30,119936535.919975,,1703649922.19753
2020-02-02,,501222.0,
2020-02-03,113785944.334335,,3506998581.29517
2020-02-06,,552411.0,
2020-02-07,106866528.80049,,1803840353.46757
2020-02-10,,526825.0,
2020-02-11,114190850.876276,,2306736286.50665
2020-02-14,,564227.0,
2020-02-15,109742275.18922,,1109593958.57004
2020-02-18,,569291.0,
2020-02-19,108969442.265353,,1880304367.67908
2020-02-22,,525819.0,
2020-02-23,109742275.18922,,737289757.885203
2020-02-26,,588558.0,
2020-02-27,113169220.498612,,2025910515.26091
2020-03-01,,505885.0,
2020-03-02,114708937.784307,,1226689506.9734
2020-03-05,,603996.0,
2020-03-06,119328089.641393,,1586746058.90616
2020-03-09,,606002.0,
2020-03-10,108616241.391911,,1642231325.0775
2020-03-14,105324840.13761,517382.0,1169201200.62799
2020-03-18,82285031.3575081,476482.0,1087150158.46778
2020-03-22,104501989.824035,409829.0,707671399.167601
2020-03-26,112492821.358516,539881.0,982877529.995054
2020-03-30,101664512.290166,535787.0,1063117757.4694
2020-04-03,91290582.4646392,548300.0,996027773.773442
2020-04-07,116188014.045904,598670.0,1534435754.21386
2020-04-11,116308064.119463,474445.0,467888135.693746
2020-04-15,123623036.705593,612959.0,1009167505.32317
2020-04-19,111187583.309172,485888.0,458165164.115702
2020-04-23,112649865.245436,666919.0,1287058107.13864
2020-04-27,111856556.335257,629817.0,1244890678.78536
2020-05-01,111856556.335257,680654.0,1977433108.12039
2020-05-05,126294576.814336,652289.0,1158788354.57839
2020-05-09,108878107.851694,631542.0,1891310409.07318
2020-05-13,95268344.370232,619855.0,1840743652.80359
2020-05-17,81658580.8887703,495954.0,554234698.77281
2020-05-21,98579623.7035512,624412.0,1827598465.30696
2020-05-25,94064526.4346863,,2386079966.12279
2020-05-26,,605213.0,
2020-05-29,95569558.8576412,,1652605318.46225
2020-05-30,,556912.0,
2020-06-02,97074591.2805962,,2689299632.09421
2020-06-03,,646746.0,
2020-06-06,133797229.464477,,578237010.345349
2020-06-07,,487527.0,
2020-06-10,111952783.837623,,1185046064.64972
2020-06-11,,673800.0,
2020-06-14,116048617.392658,,459031700.888373
2020-06-15,,606713.0,
2020-06-18,97298323.0370428,,1191197355.42604
2020-06-19,,674050.0,
2020-06-22,112206937.050783,,1369587319.75579
2020-06-23,,704215.0,
2020-06-26,128684878.855444,,1982165061.32764
2020-06-27,,546558.0,
2020-06-30,115344676.145677,,964046737.852914
2020-07-01,,758469.0,
2020-07-04,123188120.488637,,598371117.138459
2020-07-05,,509206.0,
2020-07-08,118480294.227925,,1582500913.17443
2020-07-09,,708162.0,
2020-07-12,119264931.938044,,481367498.713169
2020-07-13,,638906.0,
2020-07-16,117268964.179098,,1266988570.14269
2020-07-17,,629600.0,
2020-07-20,121580323.15627,,1056788376.71222
2020-07-21,,660884.0,
2020-07-24,138825759.064961,,1581504621.43281
2020-07-25,,619497.0,
2020-07-28,121437040.395232,,2732598812.18318
2020-07-29,,717842.0,
2020-08-01,114737065.752737,,1282524246.37756
2020-08-02,,616214.0,
2020-08-05,108037091.110241,,1382305624.12346
2020-08-06,,762479.0,
2020-08-09,130649505.528664,,819746332.084762
2020-08-10,,683507.0,
2020-08-13,123844534.076575,,1705063980.69705
2020-08-14,,755913.0,
2020-08-17,105309977.956271,,2046439654.49524
2020-08-18,,739835.0,
2020-08-21,130584372.66577661,,1516606230.5688822
2020-08-22,,649053.0,
2020-08-25,111720008.69546376,,1571905464.0375934
2020-08-26,,696908.0,
2020-08-29,127430634.91826336,,936108106.0835737
2020-08-30,,555079.0,
2020-09-02,125685009.78239675,,2108369094.4854293
2020-09-03,,691592.0,
2020-09-06,130921885.1899966,,942632672.8111798
2020-09-07,,672721.0,
2020-09-10,136239328.01257572,,1510201425.9578102
2020-09-11,,677215.0,
2020-09-14,151760264.11527425,,1641329657.9907258
2020-09-15,,718787.0,
2020-09-18,142275247.6080696,,1937356456.84136
2020-09-19,,624125.0,
2020-09-22,123857644.31701957,,1620744900.8434787
2020-09-23,,733591.0,
2020-09-26,144020516.64769718,,794309819.7184452
2020-09-27,,538619.0,
2020-09-30,149781337.3136051,,1561125507.1341772
2020-10-01,,679937.0,
2020-10-04,151592064.050859,,634742572.527444
2020-10-05,,635097.0,
2020-10-08,155408725.01316798,,1564119346.8517392
2020-10-09,,714645.0,
2020-10-12,142937654.4874199,,1519550414.7656412
2020-10-13,,732250.0,
2020-10-16,148693533.1916113,,1735871118.0383928
2020-10-17,,586741.0,
2020-10-20,143146506.838782,,1656442476.473881
2020-10-21,,687152.0,
2020-10-24,151099090.55204767,,1019815578.520192
2020-10-25,,547380.0,
2020-10-28,99407296.41582084,,2517314639.707993
2020-10-29,,652778.0,
2020-11-01,124259120.51977606,,1188080329.7413285
2020-11-02,,543348.0,
2020-11-05,122675182.48120748,,5149644713.046795
2020-11-06,,756129.0,
2020-11-09,154387134.41512507,,2728063355.8702464
2020-11-10,,684892.0,
2020-11-13,115998982.07406694,,2656697442.1882963
2020-11-14,,613373.0,
2020-11-17,137334450.8705656,,3117390382.4550147
2020-11-18,,807705.0,
2020-11-21,147831351.5740483,,2261632554.633789
2020-11-22,,587237.0,
2020-11-25,135584967.41998515,,3581534995.903928
2020-11-26,,736612.0,
2020-11-29,135399801.26976258,,1353406964.7056353
2020-11-30,,623554.0,
2020-12-03,149512250.29219317,,2744199631.0179462
2020-12-04,,729984.0,
2020-12-07,142846099.00528008,,2103990331.796725
2020-12-08,,737193.0,
2020-12-11,131418411.08485769,,2913875514.564554
2020-12-12,,654893.0,
2020-12-15,129933875.82961763,,3108771396.732216
2020-12-16,,751162.0,
2020-12-19,146639659.8648542,,2768897617.388285
2020-12-20,,638816.0,
2020-12-23,142927263.41257942,,6427851084.363599
2020-12-24,,639280.0,
2020-12-27,137358668.73416725,,4714768342.628513
2020-12-28,,717073.0,
2020-12-31,153482070.38176647,,5636631338.131147
2021-01-01,,609741.0,
2021-01-04,159954205.87979275,,7503147813.225784
2021-01-05,,845343.0,
2021-01-08,136839436.24398455,,8838843563.36015
2021-01-09,,760179.0,
2021-01-12,151611247.4016758,,7357383072.698131
2021-01-13,,772596.0,
2021-01-16,150586847.08139417,,2570302174.9651437
2021-01-17,,642730.0,
2021-01-20,144440445.1597046,,5094690667.83868
2021-01-21,,736588.0,
2021-01-24,143884925.38771522,,1966307038.6473134
2021-01-25,,732867.0,
2021-01-28,150095785.47639358,,4988231552.939995
2021-01-29,,888960.0,
2021-02-01,124217201.7735671,,4586348228.014149
2021-02-02,,865515.0,
2021-02-05,174939225.83110696,,6157892770.648826
2021-02-06,,795079.0,
2021-02-09,152367873.16992718,,10834628125.018213
2021-02-10,,861426.0,
2021-02-13,167285007.6061438,,3676762390.3643637
2021-02-14,,698818.0,
2021-02-17,147040325.15699264,,7740989999.164483
2021-02-18,,820203.0,
2021-02-21,152267677.07260144,,7839947832.124444
2021-02-22,,761941.0,
2021-02-25,168466366.12287825,,8084434721.151986
2021-02-26,,817077.0,
2021-03-01,140388638.43573186,,5867267655.439818
2021-03-02,,810035.0,
2021-03-05,160906977.89941573,,8571816585.961295
2021-03-06,,677322.0,
2021-03-09,149267953.88308737,,7267886049.152834
2021-03-10,,833186.0,
2021-03-13,152466552.89486787,,6252538514.7425
2021-03-14,,736008.0,
2021-03-17,145003155.2007135,,6410069887.531584
2021-03-18,,885634.0,
2021-03-21,169563074.61598912,,3654267039.161541
2021-03-22,,781908.0,
2021-03-25,167389189.0439892,,7475059268.080135
2021-03-26,,790548.0,
2021-03-29,164128360.68598944,,6604751298.088798
2021-03-30,,826466.0,
2021-04-02,160517766.38346806,,6501984723.386886
2021-04-03,,704293.0,
2021-04-06,165624244.467784,,11383898953.539917
2021-04-07,,860993.0,
2021-04-10,180576433.20445892,,6092856977.739401
2021-04-11,,653736.0,
2021-04-14,155272729.1885475,,9467805074.32664
2021-04-15,,952400.0,
2021-04-18,145361065.33971703,,11856647360.954725
2021-04-19,,674744.0,
2021-04-22,167634131.8030608,,8500130355.892971
2021-04-23,,794322.0,
2021-04-26,133638398.78006244,,6987267570.035969
2021-04-27,,748381.0,
2021-04-30,169978665.11499172,,8038587266.254536
2021-05-01,,677778.0,
2021-05-04,185429301.3867602,,7698193443.310121
2021-05-05,,808208.0,
2021-05-08,175184588.60296133,,4620961715.6818495
2021-05-09,,690253.0,
2021-05-12,176209059.88134116,,12953414263.347263
2021-05-13,,806882.0,
2021-05-16,164348929.98192218,,5725518842.773768
2021-05-17,,684281.0,
2021-05-20,139447576.95435822,,12059107969.11172
2021-05-21,,695822.0,
2021-05-24,156878524.07365298,,7207897767.577337
2021-05-25,,640506.0,
2021-05-28,148163050.51400563,,5453824455.071646
2021-05-29,,537305.0,
2021-06-01,148572947.38247102,,5421714885.342989
2021-06-02,,663855.0,
2021-06-05,137063775.4021388,,2192085664.632768
2021-06-06,,467665.0,
2021-06-09,131832333.59289683,,4061991299.6894774
2021-06-10,,679752.0,
2021-06-13,136724465.12868512,,1539743948.2780533
2021-06-14,,624698.0,
2021-06-17,128812374.13671976,,3458321392.277408
2021-06-18,,567037.0,
2021-06-21,104040763.72581212,,4751842584.489068
2021-06-22,,550948.0,
2021-06-25,108995085.80799364,,4356792800.442628
2021-06-26,,490112.0,
2021-06-29,89177797.47926754,,3300219147.3776546
2021-06-30,,567655.0,
2021-07-03,98706076.21227616,,1526282960.7179453
2021-07-04,,467442.0,
2021-07-07,87820755.10899657,,2415077701.787478
2021-07-08,,580441.0,
2021-07-11,89248734.86686642,,1361224001.4296572
2021-07-12,,560833.0,
2021-07-15,91390704.50367121,,3546057522.319202
2021-07-16,,552751.0,
2021-07-19,115543619.13247934,,2991573664.253314
2021-07-20,,571829.0,
2021-07-23,91755226.95814537,,2519917919.132724
2021-07-24,,497255.0,
2021-07-27,115543619.13247934,,7345558779.508659
2021-07-28,,605433.0,
2021-07-31,112465862.12588961,,1924780316.6358085
2021-08-01,,474430.0,
2021-08-04,98004603.29610927,,4094514095.0958066
2021-08-05,,614597.0,
2021-08-08,113858289.12342106,,2863365745.2230344
2021-08-09,,611235.0,
2021-08-12,108813934.5420037,,3433253898.4565864
2021-08-13,,639596.0,
2021-08-16,124500915.70761941,,4336625433.375353
2021-08-17,,618951.0,
2021-08-20,123727618.0945286,,5683508929.504638
2021-08-21,,555440.0,
2021-08-24,119087832.41598378,,4160097929.5734167
2021-08-25,,636566.0,
2021-08-28,123466373.91035247,,1828986483.5579357
2021-08-29,,474721.0,
2021-09-01,119963781.7426829,,5449363613.813484
2021-09-02,,714181.0,
2021-09-05,143606278.8744525,,1996712056.7162685
2021-09-06,,627019.0,
2021-09-09,125412870.36132078,,5369011441.333743
2021-09-10,,640477.0,
2021-09-13,145552163.4120438,,4380249885.695589
2021-09-14,,646621.0,
2021-09-17,134567094.4752858,,3314093143.0119085
2021-09-18,,561878.0,
2021-09-21,113928907.44351819,,3816937965.8233886
2021-09-22,,645903.0,
2021-09-25,135990412.4848306,,1498517647.7164574
2021-09-26,,494512.0,
2021-09-29,122769122.38213871,,3012885641.9155345
2021-09-30,,706763.0,
2021-10-03,141656679.6716985,,1994398643.2795122
2021-10-04,,650133.0,
2021-10-07,139433297.2697835,,7063813953.370817
2021-10-08,,689788.0,
2021-10-11,144377740.43537864,,5135609835.395792
2021-10-12,,673664.0,
2021-10-15,139433297.2697835,,8109890836.895517
2021-10-16,,674026.0,
2021-10-19,154737198.72913387,,7660166168.948563
2021-10-20,,713105.0,
2021-10-23,144754153.64983496,,2756385871.7599506
2021-10-24,,554996.0,
2021-10-27,156733807.7449937,,6142467781.29035
2021-10-28,,749957.0,
2021-10-31,140175299.14944655,,3075083985.1806726
2021-11-01,,732119.0,
2021-11-04,153966937.6477702,,4812348605.691654
2021-11-05,,721315.0,
2021-11-08,145353402.67446837,,7868335326.849565
2021-11-09,,796734.0,
2021-11-12,152890245.77610743,,6291969519.770697
2021-11-13,,628022.0,
2021-11-16,169070703.34607086,,10498129183.520773
2021-11-17,,708703.0,
2021-11-20,163435013.23453516,,2884513913.260687
2021-11-21,,586185.0,
2021-11-24,176960669.50222084,,5700109165.167301
2021-11-25,,741152.0,
2021-11-28,155225116.619112,,1876057612.1335888
2021-11-29,,727580.0,
2021-12-02,172098304.91522342,,7681001473.682921
2021-12-03,,738749.0,
2021-12-06,190973602.87366727,,7568392055.448132
2021-12-07,,725368.0,
2021-12-10,173208616.55983782,,4646748174.122106
2021-12-11,,599422.0,
2021-12-14,178007627.4567432,,
2021-12-15,,707659.0,3686557930.097905
2021-12-18,153952542.66529143,,
2021-12-19,,557914.0,1192663841.0107796
2021-12-22,178007627.4567432,,
2021-12-23,,744101.0,
2021-12-25,,,5400013382.068076
2021-12-26,161682278.52670813,,
2021-12-27,,674082.0,
2021-12-29,,,6252375351.267551
2021-12-30,143583516.00506175,,
2021-12-31,,703405.0,
2022-01-02,,,1452133098.9064906
2022-01-03,168921783.5353667,,
2022-01-04,,680570.0,
2022-01-06,,,6001701242.969663
2022-01-07,168921783.5353667,,
2022-01-08,,591014.0,
2022-01-10,,,4284557316.178955
2022-01-11,191422128.4364691,,
2022-01-12,,679922.0,
2022-01-14,,,4033611360.8800573
2022-01-15,201114388.10413846,,
2022-01-16,,569876.0,
2022-01-18,,,3467788987.631183
2022-01-19,209595115.3133491,,
2022-01-20,,683613.0,
2022-01-22,,,5255522709.505004
2022-01-23,186746029.1281284,,
2022-01-24,,668850.0,
2022-01-26,,,4724487375.564173
2022-01-27,173501629.89918315,,
2022-01-28,,680599.0,
2022-01-30,,,6463007675.5186
2022-01-31,189394908.97391748,,
2022-02-01,,687763.0,
2022-02-03,,,3817962311.6168633
2022-02-04,172445464.54596007,,
2022-02-05,,673249.0,
2022-02-07,,,5383799346.894287
2022-02-08,204326154.12338364,,
2022-02-09,,663348.0,
2022-02-11,,,6311800630.988444
2022-02-12,248110330.00696588,,
2022-02-13,,590527.0,
2022-02-15,,,5996275894.199901
2022-02-16,206979740.54057044,,
2022-02-17,,665429.0,
2022-02-19,,,1623004423.9240785
2022-02-20,200196675.81507933,,
2022-02-21,,615656.0,
2022-02-23,,,3017861449.2149425
2022-02-24,183513619.49715608,,
2022-02-25,,687447.0,
2022-02-27,,,1844114530.6029348
2022-02-28,214099222.7466821,,
2022-03-01,,722863.0,
2022-03-03,,,4573611315.379651
2022-03-04,190365286.64550212,,
2022-03-05,,594977.0,
2022-03-07,,,4567257671.422741
2022-03-08,202691096.5721893,,
2022-03-09,,702360.0,
2022-03-11,,,5267029596.149032
2022-03-12,213647372.0625779,,
2022-03-13,,554544.0,
2022-03-15,,,3536984794.9247446
2022-03-16,212277837.6262793,,
2022-03-17,,743399.0,
2022-03-19,,,2228834886.153519
2022-03-20,210160951.25482893,,
2022-03-21,,663684.0,
2022-03-23,,,3963031462.550204
2022-03-24,195149454.73662692,,
2022-03-25,,752938.0,
2022-03-27,,,4081241680.3127346
2022-03-28,216984358.7631026,,
2022-03-29,,706611.0,
2022-03-31,,,7725089743.2688265
2022-04-01,200371606.28467658,,
2022-04-02,,660755.0,
2022-04-04,,,4927607024.269423
2022-04-05,206055907.17218518,,
2022-04-06,,666088.0,
2022-04-08,,,3214336086.8389087
2022-04-09,217424508.94720227,,
2022-04-10,,551596.0,
2022-04-12,,,3550344586.310289
2022-04-13,198950531.06279945,,
2022-04-14,,673582.0,
2022-04-16,,,1777062284.0750253
2022-04-17,231514552.3256366,,
2022-04-18,,631282.0,
2022-04-20,,,5390335872.441646
2022-04-21,237127026.3214096,,
2022-04-22,,671463.0,
2022-04-24,,,1742817144.3961654
2022-04-25,227305196.82880685,,
2022-04-26,,689345.0,
2022-04-28,,,4742383660.078528
2022-04-29,222163205.20796743,,
2022-04-30,,684282.0,
2022-05-02,,,4705106674.739815
2022-05-03,222163205.20796743,,
2022-05-04,,615048.0,
2022-05-06,,,6460559731.289358
2022-05-07,211795588.96492898,,
2022-05-08,,597305.0,
2022-05-10,,,10996659378.460312
2022-05-11,225257597.8912952,,
2022-05-12,,730516.0,
2022-05-14,,,4499178550.730882
2022-05-15,189527082.3637104,,
2022-05-16,,663779.0,
2022-05-18,,,4686908961.0082655
2022-05-19,189527082.3637104,,
2022-05-20,,668605.0,
2022-05-22,,,1693623105.0447593
2022-05-23,248560108.0179809,,
2022-05-24,,600094.0,
2022-05-26,,,4044772416.690988
2022-05-27,205096744.96660265,,
2022-05-28,,576357.0,
2022-05-30,,,3565732409.560262
2022-05-31,216986411.34147817,,
2022-06-01,,683372.0,
2022-06-03,,,4251283075.0981903
2022-06-04,206582953.2634621,,
2022-06-05,,538083.0,
2022-06-07,,,4259209247.746276
2022-06-08,266405768.7361438,,
2022-06-09,,661923.0,
2022-06-11,,,2694837263.3840175
2022-06-12,191184617.31646615,,
2022-06-13,,708381.0,
2022-06-15,,,9897143640.083742
2022-06-16,179141491.81621632,,
2022-06-17,,663831.0,
2022-06-19,,,3068667429.006106
2022-06-20,198711570.75412232,,
2022-06-21,,647716.0,
2022-06-23,,,3082609509.484813
2022-06-24,189622396.21199957,,
2022-06-25,,557791.0,
2022-06-27,,,4634269413.105559
2022-06-28,214611394.16241816,,
2022-06-29,,654949.0,
2022-07-01,,,4546355473.617748
2022-07-02,202851865.7151624,,
2022-07-03,,548190.0,
2022-07-05,,,2225404516.1830726
2022-07-06,186682514.1001857,,
2022-07-07,,691644.0,
2022-07-09,,,2217461123.425512
2022-07-10,221726603.8502846,,
2022-07-11,,590261.0,
2022-07-13,,,2383177233.7305536
2022-07-14,179699992.6629758,,
2022-07-15,,661194.0,
2022-07-17,,,1903059654.775057
2022-07-18,189844347.0874986,,
2022-07-19,,682638.0,
2022-07-21,,,6542475947.197538
2022-07-22,181711862.6387281,,
2022-07-23,,572761.0,
2022-07-25,,,2240841200.856595
2022-07-26,220256803.19845834,,
2022-07-27,,644191.0,
2022-07-29,,,3110903345.229869
2022-07-30,177582047.57875702,,
2022-07-31,,561055.0,
2022-08-02,,,2412379200.6057954
2022-08-03,199607727.89860287,,
2022-08-04,,695558.0,
2022-08-06,,,861842752.5742803
2022-08-07,222690688.3419183,,
2022-08-08,,652517.0,
2022-08-10,,,3582463514.5152545
2022-08-11,196079851.3702425,,
2022-08-12,,703328.0,
2022-08-14,,,982849307.8036118
2022-08-15,203082703.20489404,,
2022-08-16,,677726.0,
2022-08-18,,,2417721838.724551
2022-08-19,250867150.78611156,,
2022-08-20,,597278.0,
2022-08-22,,,2363547456.2653685
2022-08-23,242410954.69219768,,
2022-08-24,,649399.0,
2022-08-26,,,2261441431.608619
2022-08-27,204358072.2695853,,
2022-08-28,,547812.0,
2022-08-30,,,3088297716.030527
2022-08-31,219862688.89188153,,
2022-09-01,,685449.0,
2022-09-03,,,879894659.7350975
2022-09-04,258699436.01770127,,
2022-09-05,,628765.0,
2022-09-07,,,2541455673.941922
2022-09-08,195564454.60861945,,
2022-09-09,,753468.0,
2022-09-11,,,1050210815.9310844
2022-09-12,235601272.08754936,,
2022-09-13,,663498.0,
2022-09-15,,,2092789197.2823946
2022-09-16,203901883.4393143,,
2022-09-17,,641808.0,
2022-09-19,,,2970259317.4220386
2022-09-20,242133486.58418575,,
2022-09-21,,632611.0,
2022-09-23,,,2446313226.405114
2022-09-24,232575585.79796788,,
2022-09-25,,574037.0,
2022-09-27,,,3180479746.765458
2022-09-28,234283743.87934902,,
2022-09-29,,652313.0,
2022-10-01,,,1129631640.2910287
2022-10-02,244753784.95094424,,
2022-10-03,,656236.0,
2022-10-05,,,2788889389.9968886
2022-10-06,247871667.56178424,,
2022-10-07,,675013.0,
2022-10-09,,,700741117.6826907
2022-10-10,281762541.4868823,,
2022-10-11,,635320.0,
2022-10-13,,,2403635798.2811112
2022-10-14,276154660.02324307,,
2022-10-15,,612380.0,
2022-10-17,,,2043650927.987136
2022-10-18,251371549.5083366,,
2022-10-19,,612805.0,
2022-10-21,,,1556397811.0604718
2022-10-22,240750216.43051958,,
2022-10-23,,582380.0,
2022-10-25,,,2029922329.8604708
2022-10-26,283822315.2658024,,
2022-10-27,,648360.0,
2022-10-29,,,1370810442.8355875
2022-10-30,247200081.03795698,,
2022-10-31,,667561.0,
2022-11-02,,,2385280093.312358
2022-11-03,300302320.6683329,,
2022-11-04,,689430.0,
2022-11-06,,,1500762814.556163
2022-11-07,263186945.48747677,,
2022-11-08,,719305.0,
2022-11-10,,,5450942995.332227
2022-11-11,244879481.2695022,,
2022-11-12,,677645.0,
2022-11-14,,,4115043713.8673615
2022-11-15,283256116.39382714,,
2022-11-16,,670368.0,
2022-11-18,,,6403239141.743098
2022-11-19,268636445.8702748,,
2022-11-20,,595776.0,
2022-11-22,,,2641080662.9541574
2022-11-23,258991482.2471786,,
2022-11-24,,642832.0,
2022-11-26,,,1207868138.6460793
2022-11-27,249807387.13203046,,
2022-11-28,,630827.0,
2022-11-30,,,2125827290.735983
2022-12-01,281033310.52353424,,
2022-12-02,,686664.0,
2022-12-04,,,808868574.8486406
2022-12-05,268175577.36232677,,
2022-12-06,,637825.0,
2022-12-08,,,1933366648.3883827
2022-12-09,258748833.58216918,,
2022-12-10,,617455.0,
2022-12-12,,,1766437843.065244
2022-12-13,280878668.0332757,,
2022-12-14,,673994.0,
2022-12-16,,,2247197492.0637503
2022-12-17,234916704.1732852,,
2022-12-18,,559608.0,
2022-12-20,,,2059242011.6362782
2022-12-21,251387886.90897432,,
2022-12-22,,665463.0,
2022-12-24,,,1026982505.2744995
2022-12-25,247871972.40675086,,
2022-12-26,,548937.0,
2022-12-28,,,1926197296.2123392
2022-12-29,247871972.40675086,,
2022-12-30,,726125.0,
2023-01-01,,,960387891.2186182
2023-01-02,274241331.1734265,,
2023-01-03,,645565.0,
2023-01-05,,,2113239373.4579191
2023-01-06,305064103.23047346,,
2023-01-07,,601071.0,
2023-01-09,,,1764693546.2864401
2023-01-10,286421296.9219445,,
2023-01-11,,661284.0,
2023-01-13,,,2463264992.3621755
2023-01-14,289810898.0689498,,
2023-01-15,,605147.0,
2023-01-17,,,2680237409.611653
2023-01-18,261608422.14007932,,
2023-01-19,,684950.0,
2023-01-21,,,2449265693.2777076
2023-01-22,282163369.59394276,,
2023-01-23,,651866.0,
2023-01-25,,,2989378581.9675274
2023-01-26,289637895.9408021,,
2023-01-27,,699439.0,
2023-01-29,,,1006418714.940687
2023-01-30,269948142.5149194,,
2023-01-31,,709466.0,
2023-02-02,,,2350568892.687534
2023-02-03,260167412.7136542,,
2023-02-04,,691143.0,
2023-02-06,,,1897844366.3147411
2023-02-07,277772726.3559315,,
2023-02-08,,682912.0,
2023-02-10,,,2821715858.049523
2023-02-11,291465748.0777028,,
2023-02-12,,617837.0,
2023-02-14,,,2556253417.1765366
2023-02-15,317275458.3617154,,
2023-02-16,,759215.0,
2023-02-18,,,1377296531.3723257
2023-02-19,315328983.1570423,,
2023-02-20,,615969.0,
2023-02-22,,,2537535479.447003
2023-02-23,332847259.9991002,,
2023-02-24,,695824.0,
2023-02-26,,,829030192.9549239
2023-02-27,299630548.4861114,,
2023-02-28,,731797.0,
2023-03-02,,,2086533468.9466226
2023-03-03,359556658.1833338,,
2023-03-04,,678996.0,
2023-03-06,,,2174309951.733324
2023-03-07,353136003.57291716,,
2023-03-08,,656385.0,
2023-03-10,,,3145620928.4517913
2023-03-11,357219695.9219277,,
2023-03-12,,621363.0,
2023-03-14,,,5174879852.243775
2023-03-15,318250274.5486265,,
2023-03-16,,687640.0,
2023-03-18,,,2228054547.197853
2023-03-19,320415242.4026988,,
2023-03-20,,725399.0,
2023-03-22,,,4085982036.0350213
2023-03-23,398152679.74955547,,
2023-03-24,,683787.0,
2023-03-26,,,984037172.6584415
2023-03-27,344632512.6727259,,
2023-03-28,,684623.0,
2023-03-30,,,5441832858.287578
2023-03-31,328332326.2625294,,
2023-04-01,,702374.0,
2023-04-03,,,2427314471.3794074
2023-04-04,377232885.49311894,,
2023-04-05,,719774.0,
2023-04-07,,,1658809071.6178896
2023-04-08,349935510.5526316,,
2023-04-09,,570129.0,
2023-04-11,,,5538417633.702715
2023-04-12,380882188.3566059,,
2023-04-13,,720191.0,
2023-04-15,,,1462605812.374483
2023-04-16,295183695.97636956,,
2023-04-17,,665181.0,
2023-04-19,,,2806672447.3950105
2023-04-20,319313867.4340018,,
2023-04-21,,771581.0,
2023-04-23,,,1135637672.6980305
2023-04-24,341432463.6274834,,
2023-04-25,,663868.0,
2023-04-27,,,2759095405.121972
2023-04-28,355961504.6329083,,
2023-04-29,,628996.0,
2023-05-01,,,2578412163.433788
2023-05-02,312374381.6166337,,
2023-05-03,,728440.0,
2023-05-05,,,2510385337.6027164
2023-05-06,355568840.1119249,,
2023-05-07,,482095.0,
2023-05-09,,,2281077965.487694
2023-05-10,405682569.25521636,,
2023-05-11,,596717.0,
2023-05-13,,,991289460.9544855
2023-05-14,415228041.47298616,,
2023-05-15,,579485.0,
2023-05-17,,,2465971974.3540215
2023-05-18,344768089.144806,,
2023-05-19,,664491.0,
2023-05-21,,,791504500.9000938
2023-05-22,354690591.1309403,,
2023-05-23,,636984.0,
2023-05-25,,,3373192745.053606
2023-05-26,376858753.07662404,,
2023-05-27,,672783.0,
2023-05-29,,,2564600223.940437
2023-05-30,379321882.1817001,,
2023-05-31,,709100.0,
2023-06-02,,,3105301689.675224
2023-06-03,331093463.8956832,,
2023-06-04,,588801.0,
2023-06-06,,,3081878129.935029
2023-06-07,343827827.89167106,,
2023-06-08,,682296.0,
2023-06-10,,,2299022634.963496
2023-06-11,415140266.2692028,,
2023-06-12,,617352.0,
2023-06-14,,,3287955132.691958
2023-06-15,385148460.1631553,,
2023-06-16,,765014.0,
2023-06-18,,,1950479880.7942493
2023-06-19,369534333.3997841,,
2023-06-20,,746599.0,
2023-06-22,,,4476871257.393661
2023-06-23,325294307.5702325,,
2023-06-24,,683837.0,
2023-06-26,,,3515517320.6694574
2023-06-27,364329624.47866035,,
2023-06-28,,627350.0,
2023-06-30,,,5253587194.577619
2023-07-01,334845664.7949681,,
2023-07-02,,534333.0,
2023-07-04,,,3086147729.6531544
2023-07-05,390233669.4978951,,
2023-07-06,,709055.0,
2023-07-08,,,1730543820.382496
2023-07-09,425480581.581576,,
2023-07-10,,679425.0,
2023-07-12,,,3887422552.2014422
2023-07-13,321592673.51184636,,
2023-07-14,,760021.0,
2023-07-17,364471696.6467593,,3277687845.728592
2023-07-18,,775244.0,
2023-07-21,300153161.94439,,3344069486.298063
2023-07-22,,556589.0,
2023-07-25,369831574.5386234,,2621711162.0469837
2023-07-26,,737067.0,
2023-07-29,343365594.25571066,,1601998854.3885682
2023-07-30,,800500.0,
2023-08-02,400593193.2983291,,3452200381.968956
2023-08-03,,716303.0,
2023-08-06,426605738.3177011,,1225095930.1023917
2023-08-07,,676210.0,
2023-08-10,330756213.4390739,,3177865892.3686566
2023-08-11,,733810.0,
2023-08-14,445348917.3077294,,3301793396.5727725
2023-08-15,,786113.0,
2023-08-18,362008769.0396163,,3939445599.5442023
2023-08-19,,628343.0,
2023-08-22,380936887.22817194,,2805355085.877931
2023-08-23,,652036.0,
2023-08-26,378799106.9943814,,1073303915.6180044
2023-08-27,,606069.0,
2023-08-30,348384580.1554164,,3567436419.2072315
2023-08-31,,742110.0,
2023-09-03,436863203.68695074,,1051592645.0544313
2023-09-04,,730142.0,
2023-09-07,393005453.9397736,,2196838787.047706
2023-09-08,,694292.0,
2023-09-11,427999090.2494795,,2325306660.6254573
2023-09-12,,784703.0,
2023-09-15,506061817.40190023,,2619179658.315388
2023-09-16,,876224.0,
2023-09-19,385677556.7313763,,2555774449.0871058
2023-09-20,,823616.0,
2023-09-23,442953295.78705144,,1538409212.8550396
2023-09-24,,685778.0,
2023-09-27,445792739.99081457,,2596845119.6675167
2023-09-28,,639899.0,
2023-10-01,400361632.7306042,,1345571689.3055787
2023-10-02,,691873.0,
2023-10-05,401774935.7811363,,2623391572.8526564
2023-10-06,,679001.0,
2023-10-09,444516950.225938,,2158065358.8911233
2023-10-10,,629505.0,
2023-10-13,393226532.892176,,2421619646.7398853
2023-10-14,,612783.0,
2023-10-17,491483968.444345,,4274499054.430531
2023-10-18,,613906.0,
2023-10-21,455077748.5595787,,1723876211.3422394
2023-10-22,,577606.0,
2023-10-25,436874638.6171956,,5410058415.255335
2023-10-26,,778594.0,
2023-10-29,415637677.0177486,,1726351388.5867956
2023-10-30,,779588.0,
2023-11-02,447130946.6720681,,4431468530.768458
2023-11-03,,789502.0,
2023-11-06,394344654.35661566,,3548525600.407826
2023-11-07,,737771.0,
2023-11-10,478181706.85762835,,5561958753.50992
2023-11-11,,894325.0,
2023-11-14,443696225.37862045,,
2023-11-15,,770577.0,4102614220.8767323
2023-11-18,479063315.80735093,,
2023-11-19,,806772.0,1523180186.5402942
2023-11-22,456556985.5345224,,
2023-11-23,,771284.0,3787901261.3864956
2023-11-26,492891191.48160595,,
2023-11-27,,759608.0,5524499401.188489
2023-11-30,452678810.6117344,,
2023-12-01,,844580.0,5505329810.390505
2023-12-04,523621012.2747674,,
2023-12-05,,674260.0,7424874757.09328
2023-12-08,456057010.69092655,,
2023-12-09,,739198.0,3136020521.05905
2023-12-12,481794448.2864064,,
2023-12-13,,617899.0,3795478024.164756
2023-12-16,508560806.52454,,
2023-12-17,,570690.0,2288390935.236568
2023-12-20,485140243.06617314,,
2023-12-21,,699086.0,4308624956.614696
2023-12-24,612085087.5512694,,
2023-12-25,,572121.0,2721717821.8728905
2023-12-28,433112839.72926086,,
2023-12-29,,703116.0,7532430670.960343
2024-01-01,554813968.2482265,,
2024-01-02,,550846.0,6587808088.354585
2024-01-05,493963403.98874366,,
2024-01-06,,572161.0,3514058610.2708097
2024-01-09,553078468.1633366,,
2024-01-10,,605995.0,8570243218.40498
2024-01-13,578549187.0919114,,
2024-01-14,,616604.0,2706190809.4012694
2024-01-17,440279570.0510773,,
2024-01-18,,678147.0,9254871867.189322
2024-01-21,489551347.763542,,
2024-01-22,,620801.0,9388167044.048624
2024-01-25,632919956.7514365,,
2024-01-26,,683719.0,9756330736.025513
2024-01-29,545500073.2222326,,
2024-01-30,,687547.0,10414364856.193766
2024-02-02,676117474.0216229,,
2024-02-03,,668270.0,1974959185.658117
2024-02-06,638049611.833403,,
2024-02-07,,640781.0,5843028458.963722
2024-02-10,570491417.639278,,
2024-02-11,,558692.0,3435220649.64012
2024-02-14,521699388.49907666,,
2024-02-15,,612859.0,9535567173.690292
2024-02-18,491572989.4556458,,
2024-02-19,,617452.0,4823413490.972352
2024-02-22,548449203.1116709,,
2024-02-23,,679759.0,7894519042.487277
2024-02-26,540324029.7322387,,
2024-02-27,,674490.0,12309674248.943565
2024-03-01,608054004.3789,,
2024-03-02,,623680.0,3495344246.4389367
2024-03-05,658743347.9554589,,
2024-03-06,,681667.0,19598765884.1782
2024-03-09,642965064.1720946,,
2024-03-10,,627815.0,5757164174.643835
2024-03-13,631131351.3345715,,
2024-03-14,,663447.0,16402381871.931147
2024-03-17,609268716.2671757,,
2024-03-18,,673489.0,11933590441.311108
2024-03-21,500768807.8908293,,
2024-03-22,,679058.0,12407695913.88318
2024-03-25,550845688.6799122,,
2024-03-26,,648004.0,15441122467.654274
2024-03-29,595046224.9834774,,
2024-03-30,,614851.0,4899663871.94741
2024-04-02,611575286.7885739,,
2024-04-03,,714141.0,11542956859.303852
2024-04-06,640501144.9474928,,
2024-04-07,,652726.0,5011808062.969637
2024-04-10,626404079.729565,,
2024-04-11,,631803.0,8561053017.120058
2024-04-14,674220573.4624075,,
2024-04-15,,666015.0,11559341313.326015
2024-04-18,622687790.7773827,,
2024-04-19,,727141.0,9479933431.70449
2024-04-22,652748580.6769805,,
2024-04-23,,441797.0,7265789225.50074
2024-04-26,578118168.6740619,,
2024-04-27,,673970.0,3253300158.0688977
2024-04-30,617535316.5382024,,
2024-05-01,,587665.0,8725783357.945253
2024-05-04,617535316.5382024,,
2024-05-05,,429326.0,1613446518.3047206
2024-05-08,556219753.1939834,,
2024-05-09,,513026.0,4649344428.186168
2024-05-12,545599184.5546882,,
2024-05-13,,466123.0,5759327016.077168
2024-05-16,586932456.1118613,,
2024-05-17,,514199.0,7835288947.482639
2024-05-20,644799036.2919042,,
2024-05-21,,508542.0,11045188897.642183
2024-05-24,671140034.7624127,,
2024-05-25,,465497.0,2016644986.3119543
2024-05-28,562079779.1135205,,
2024-05-29,,449070.0,6388638321.04567
2024-06-01,591442155.634376,,
2024-06-02,,393004.0,1639206773.6388125
2024-06-05,515938901.7236049,,
2024-06-06,,476121.0,7566456857.2989645
2024-06-09,636721355.302943,,
2024-06-10,,473053.0,7071634843.4280405
2024-06-13,603428735.4178218,,
2024-06-14,,475827.0,7752072910.629316
2024-06-17,582620847.9896209,,
2024-06-18,,484883.0,8142461537.978515
2024-06-21,582332779.002438,,
2024-06-22,,456727.0,5441303997.531913
2024-06-25,515780461.4021594,,
2024-06-26,,476277.0,6539916736.601309
2024-06-29,653044616.4527341,,
2024-06-30,,465981.0,
2024-07-01,,,7238212215.877723
2024-07-03,603130378.2525251,,
2024-07-04,,487582.0,
2024-07-05,,,17072634339.062922
2024-07-07,557193590.72128,,
2024-07-08,,534832.0,
2024-07-09,,,7917211325.057808
2024-07-11,553241863.127512,,
2024-07-12,,486027.0,
2024-07-13,,,2761173151.654501
2024-07-15,604614321.8464954,,
2024-07-16,,492843.0,
2024-07-17,,,7739487792.722873
2024-07-19,599556361.5235602,,
2024-07-20,,444989.0,
2024-07-21,,,2500846849.1716294
2024-07-23,689285885.0168821,,
2024-07-24,,484767.0,
2024-07-25,,,7867610940.380128
2024-07-27,628106664.4532535,,
2024-07-28,,431944.0,
2024-07-29,,,9902659739.016802
2024-07-31,613215974.0238556,,
2024-08-01,,550192.0,
2024-08-02,,,9809266028.523855
2024-08-04,644509048.8165007,,
2024-08-05,,572484.0,
2024-08-06,,,6808433062.101782
2024-08-08,581410260.8204794,,
2024-08-09,,505594.0,
2024-08-10,,,3834508484.859348
2024-08-12,617466711.1039201,,
2024-08-13,,499256.0,
2024-08-14,,,6988791297.667786
2024-08-16,613213426.3989986,,
2024-08-17,,468048.0,
2024-08-18,,,1842005986.3217332
2024-08-20,647760661.689083,,
2024-08-21,,528523.0,
2024-08-22,,,5779831062.841158
2024-08-24,660715874.9228647,,
2024-08-25,,410926.0,
2024-08-26,,,6102368262.378635
2024-08-28,703794017.3679069,,
2024-08-29,,537264.0,
2024-08-30,,,7346359988.724018
2024-09-01,631567802.399059,,
2024-09-02,,497761.0,
2024-09-03,,,6012689752.026111
2024-09-05,689387389.9426349,,
2024-09-06,,541499.0,
2024-09-07,,,1519336722.3506465
2024-09-09,644910784.1398844,,
2024-09-10,,496236.0,
2024-09-11,,,4996530777.753266
2024-09-13,566627672.3067043,,
2024-09-14,,497081.0,
2024-09-15,,,1557392812.0248942
2024-09-17,691009356.4715909,,
2024-09-18,,503606.0,
2024-09-19,,,8246322622.468619
2024-09-21,621908420.8244318,,
2024-09-22,,439610.0,
2024-09-23,,,7000723222.757288
2024-09-25,657005311.2676694,,
2024-09-26,,515965.0,
2024-09-27,,,8554437526.620602
2024-09-29,681164035.1378452,,
2024-09-30,,513555.0,
2024-10-01,,,8154719864.648614
2024-10-03,694347855.1727712,,
2024-10-04,,553982.0,
2024-10-05,,,2730371658.884799
2024-10-07,681164035.1378452,,
2024-10-08,,556194.0,
2024-10-09,,,6720634380.632039
2024-10-11,640613423.0024583,,
2024-10-12,,440477.0,
2024-10-13,,,1597337887.2848842
2024-10-15,713826385.6313109,,
2024-10-16,,465015.0,
2024-10-17,,,8730955014.1011
2024-10-19,791615158.4244666,,
2024-10-20,,462770.0,
2024-10-21,,,8678261147.398464
2024-10-23,718143298.2753785,,
2024-10-24,,453818.0,
2024-10-25,,,8170259000.293865
2024-10-27,765702457.1015625,,
2024-10-28,,535356.0,
2024-10-29,,,14125800889.231539
2024-10-31,751434709.4537071,,
2024-11-01,,556938.0,
2024-11-02,,,2325736060.7382245
2024-11-04,720519107.2542773,,
2024-11-05,,548496.0,
2024-11-06,,,16624459226.55678
2024-11-08,717510664.7072663,,
2024-11-09,,502341.0,
2024-11-10,,,8805260115.054148
2024-11-12,737722232.7271894,,
2024-11-13,,636591.0,
2024-11-14,,,24187597707.2619
2024-11-16,793304044.7819778,,
2024-11-17,,518085.0,
2024-11-19,,,17907534161.0051
2024-11-20,747470602.2973549,,
2024-11-21,,666198.0,
2024-11-23,,,11273319452.938
2024-11-24,681367759.9173166,,
2024-11-25,,593158.0,
2024-11-27,,,12555140763.385523
2024-11-28,722046432.1511863,,
2024-11-29,,551876.0,
2024-12-01,,,4169328992.6346917
2024-12-02,649582756.2207783,,
2024-12-03,,613585.0,
2024-12-05,,,22269535612.85755
2024-12-06,702558736.3396405,,
2024-12-07,,523611.0,
2024-12-09,,,16893586741.251682
2024-12-10,795544451.4434165,,
2024-12-11,,617471.0,
2024-12-13,,,17652553064.867294
2024-12-14,821373816.7500207,,
2024-12-15,,540459.0,
2024-12-17,,,16038288677.469349
2024-12-18,776835370.7386113,,
2024-12-19,,634202.0,
2024-12-21,,,6882358327.448823
2024-12-22,836176961.5589218,,
2024-12-23,,528563.0,
2024-12-25,,,5466163116.674572
2024-12-26,706704399.7691535,,
2024-12-27,,568492.0,
2024-12-29,,,5228175703.420922
2024-12-30,867710155.9849901,,
2024-12-31,,545227.0,
2025-01-02,,,6110103532.896917
2025-01-03,774936114.1501169,,
2025-01-04,,514543.0,
2025-01-06,,,10720151138.280603
2025-01-07,731277741.5219413,,
2025-01-08,,545474.0,
2025-01-10,,,8226023524.658946
2025-01-11,753106927.8360293,,
2025-01-12,,478512.0,
2025-01-14,,,8476643246.566211
2025-01-15,763192579.4414012,,
2025-01-16,,552617.0,
2025-01-18,,,5389522873.899006
2025-01-19,823589114.5051093,,
2025-01-20,,611603.0,
2025-01-22,,,13577736341.160229
2025-01-23,746720797.1512991,,
2025-01-24,,555324.0,
2025-01-26,,,2783482751.6197257
2025-01-27,841602268.6110247,,
2025-01-28,,526610.0,
2025-01-30,,,7400448916.434272
2025-01-31,671743783.1087936,,
2025-02-01,,547939.0,
2025-02-03,,,18010195932.401714
2025-02-04,703987484.6980155,,
2025-02-05,,549668.0,
2025-02-07,,,8703519501.878572
2025-02-08,859832042.3792553,,
2025-02-09,,458209.0,
2025-02-11,,,9477085951.576164
2025-02-12,754813012.7554775,,
2025-02-13,,554664.0,
2025-02-15,,,2834188516.6755214
2025-02-16,856968157.3389257,,
2025-02-17,,481661.0,
2025-02-19,,,7977877909.42433
2025-02-20,737787155.324903,,
2025-02-21,,539520.0,
2025-02-23,,,4160757626.3135962
2025-02-24,714530229.8374169,,
2025-02-25,,593036.0,
2025-02-27,,,13035391292.900713
2025-02-28,857436275.8049003,,
2025-03-01,,537837.0,
2025-03-03,,,13059040343.29221
2025-03-04,802472411.9712528,,
2025-03-05,,553079.0,
2025-03-07,,,10112854701.343702
2025-03-08,753004934.5209701,,
2025-03-09,,468931.0,
2025-03-11,,,10558772838.912882
2025-03-12,852972260.0961236,,
2025-03-13,,548028.0,
2025-03-15,,,2025237248.2558634
2025-03-16,808372403.3590714,,
2025-03-17,,511394.0,
2025-03-19,,,7323070307.706748
2025-03-20,791647457.0826768,,
2025-03-21,,542213.0,
2025-03-23,,,1789474661.2639942
2025-03-24,870857131.0489082,,
2025-03-25,,537123.0,
2025-03-27,,,7526149332.700574
2025-03-28,870857131.0489082,,
2025-03-29,,491096.0,
2025-03-31,,,9821678609.988209
2025-04-01,763413718.7766403,,
2025-04-02,,561041.0,
2025-04-04,,,8780468949.850952
2025-04-05,948981343.907835,,
2025-04-06,,468285.0,
2025-04-08,,,7889160738.948145
2025-04-09,791264255.7881161,,
2025-04-10,,559681.0,
2025-04-12,,,3199768362.3695993
2025-04-13,1038911847.2943201,,
2025-04-14,,531419.0,
2025-04-16,,,9044954451.20895
2025-04-17,924148329.2792498,,
2025-04-18,,515292.0,
2025-04-20,,,2232630980.687477
2025-04-21,771877846.401681,,
2025-04-22,,569473.0,
2025-04-24,,,14035201954.66458
2025-04-25,882146110.1733494,,
2025-04-26,,486530.0,
2025-04-28,,,11534611913.428812
2025-04-29,894398139.4813126,,
2025-04-30,,558028.0,
2025-05-02,,,10365219305.55276
2025-05-03,999957994.4593519,,
2025-05-04,,446087.0,
2025-05-06,,,9692283136.625355
2025-05-07,894116485.453914,,
2025-05-08,,592201.0,
2025-05-10,,,3641552067.7514997
2025-05-11,882273882.9975705,,
2025-05-12,,532368.0,
2025-05-14,,,9186120404.981548
2025-05-15,864509979.3130558,,
2025-05-16,,539053.0,
2025-05-18,,,4277222751.359123
2025-05-19,852722089.09428,,
2025-05-20,,536030.0,
2025-05-22,,,16043204929.738068
2025-05-23,937389530.5646338,,
2025-05-24,,500617.0,
2025-05-26,,,9216183401.120417
2025-05-27,852722089.09428,,
2025-05-28,,546095.0,
2025-05-30,,,12038234757.004648
2025-05-31,1016284104.8877773,,
2025-06-01,,452800.0,
2025-06-03,,,11439289120.522953
2025-06-04,795352777.73826,,
2025-06-05,,562558.0,
2025-06-07,,,3677820071.5810657
2025-06-08,965785515.8250304,,
2025-06-09,,506842.0,
2025-06-11,,,8722630197.219322
2025-06-12,934223897.6608136,,
2025-06-13,,567837.0,
2025-06-15,,,3155873881.1872916
2025-06-16,917456209.4405266,,
2025-06-17,,518441.0,
2025-06-19,,,5255470077.15392
2025-06-20,948875942.6405447,,
2025-06-21,,455627.0,
2025-06-23,,,9641640710.702705
2025-06-24,735221756.880422,,
2025-06-25,,516000.0,
2025-06-28,911172262.800523,,3336314161.1267157
2025-06-29,,442209.0,
2025-07-02,889547992.701345,,9829934492.062973
2025-07-03,,571346.0,
2025-07-06,930246266.8772235,,2856385887.529106
2025-07-07,,493343.0,
2025-07-10,994200697.7250328,,11593476507.743673
2025-07-11,,626638.0,
2025-07-14,910161831.228891,,28379995376.52119
2025-07-15,,560371.0,
2025-07-18,903884853.0824848,,17065964092.484245
2025-07-19,,477264.0,
2025-07-22,941546721.960922,,14170292447.359936
2025-07-23,,535701.0,
2025-07-26,970032969.1338755,,4964932334.15206
2025-07-27,,457112.0,
2025-07-30,869131963.3112651,,10499712187.637215
2025-07-31,,584264.0,
2025-08-03,983324484.0382924,,3752362442.6492014
2025-08-04,,542397.0,
2025-08-07,1021388657.6139685,,8976136352.994701
2025-08-08,,749938.0,
2025-08-11,945836287.6602162,,11718980185.323074
2025-08-12,,543783.0,
2025-08-15,862190901.6766596,,14017254389.700182
2025-08-16,,475351.0,
2025-08-19,862190901.6766596,,14441863554.129673
2025-08-20,,534876.0,
2025-08-23,980001769.6141683,,8101157832.036867
2025-08-24,,443678.0,
2025-08-27,967107009.4876657,,10326963402.219948
2025-08-28,,547915.0,
2025-08-31,851054168.3491462,,4626001308.177331
2025-09-01,,521197.0,
2025-09-04,902633208.8551546,,10787959326.746689
2025-09-05,,587857.0,
2025-09-08,1082012601.5468137,,7661404614.42701
2025-09-09,,549610.0,
2025-09-12,811509451.1601102,,13838292752.335754
2025-09-13,,526152.0,
2025-09-16,1082012601.5468137,,11014563418.224216
2025-09-17,,517428.0,
2025-09-20,1082611043.2192645,,6506869820.089035
2025-09-21,,467555.0,
2025-09-24,1082611043.2192645,,11030120453.67821
2025-09-25,,542099.0,
2025-09-28,1167521713.2756777,,4533682940.126207
2025-09-29,,521335.0,
2025-10-02,1019764936.475331,,18501831007.64977
2025-10-03,,595427.0,
2025-10-06,922287405.7828363,,16874408670.71981
2025-10-07,,561921.0,
2025-10-10,989771850.1084098,,15376547532.03535
2025-10-11,,546781.0,
2025-10-14,1267207899.0024335,,19576688920.433247
2025-10-15,,542831.0,
2025-10-18,1203393599.4625034,,5298430674.653136
2025-10-19,,443995.0,
2025-10-22,1115874064.956139,,15261276545.144241
2025-10-23,,527286.0,
2025-10-26,1072114297.7029574,,6847085319.891039
2025-10-27,,522563.0,
2025-10-30,1240553837.6668227,,14514069160.323538
2025-10-31,,572374.0,
2025-11-03,1100991530.929305,,14288895727.776064
2025-11-04,,582796.0,
2025-11-07,1100991530.929305,,21461779028.83144
2025-11-08,,470481.0,
2025-11-11,1186279607.2688992,,10951056954.68874
2025-11-12,,504920.0,
2025-11-15,,,5644973418.0668
2025-11-18,1006737198.683799,,
2025-11-19,,535320.0,17471565470.769844
2025-11-22,1082431724.900626,,
2025-11-23,,442816.0,17954745701.83514
2025-11-26,1241390229.9559624,,
2025-11-27,,525809.0,9062460320.883312
2025-11-30,1239441135.1156871,,
2025-12-01,,557926.0,13435643673.40069
2025-12-04,979678022.9656931,,
2025-12-05,,534245.0,10280986733.847937
2025-12-08,1098426874.2342618,,
2025-12-09,,507794.0,9695891171.237087
2025-12-12,1068190154.3848839,,
2025-12-13,,463369.0,4017753379.5852885
2025-12-16,1082923811.686744,,
2025-12-17,,511367.0,12489831561.278057
2025-12-20,1082923811.686744,,
2025-12-21,,436144.0,2519189997.1456137
2025-12-24,1171325755.4979067,,
2025-12-25,,431619.0,3024468762.6361113
2025-12-28,1142344841.882498,,
2025-12-29,,516338.0,17986843413.77039
